1,Molave Residence Hall,14.657915,121.067701
2,Yakal Residence Hall,14.657978,121.0681109
3,UP College of Engineering,14.6563526,121.0693486
4,Palma Hall,14.6523469,121.0682248
5,UP College of Mass Communication,14.6560612,121.0639613
6,Vinzons Hall,14.6537113,121.0727759
7,Ilang Ilang Residence Hall,14.6594411,121.0729909
8,University of the Philippines Alumni Engineers' Centennial Hall,14.648473,121.0683197
